epoch_s	power_w	temp_c	util_pct	gfx_clock_mhz	throttle	vram_mib	mem_available_kb	swap_total_kb	swap_free_kb
1789637903	27.22	47	0	210	0x0000000000000001	16	56492764	8388604	4739580
1789637905	32.92	46	0	210	0x0000000000000001	19	55963080	8388604	4739580
1789637908	116.46	48	0	1695	0x0000000000000000	1668	53226480	8388604	4739580
1789637910	118.48	48	8	1695	0x0000000000000000	2730	50481280	8388604	4739580
1789637912	117.63	49	0	1695	0x0000000000000000	4440	48358260	8388604	4739580
1789637914	118.65	48	5	1695	0x0000000000000000	5784	45894692	8388604	4739580
1789637916	118.57	48	5	1695	0x0000000000000000	7308	42869436	8388604	4739580
1789637918	124.29	48	14	1695	0x0000000000000000	9676	41106908	8388604	4739580
1789637920	120.45	47	7	1695	0x0000000000000000	11704	39141180	8388604	4739580
1789637922	121.88	47	7	1695	0x0000000000000000	13752	36129180	8388604	4739580
1789637924	120.12	47	6	1695	0x0000000000000000	15920	34078092	8388604	4739580
1789637926	117.73	47	0	1695	0x0000000000000000	17262	32068684	8388604	4739580
1789637928	117.88	47	8	1695	0x0000000000000000	19048	29827040	8388604	4739580
1789637930	117.81	46	0	1695	0x0000000000000000	19828	28172604	8388604	4739580
1789637932	113.63	46	0	1695	0x0000000000000000	20272	27737580	8388604	4739580
1789637934	113.19	46	0	1695	0x0000000000000000	20292	26884740	8388604	4739580
1789637936	112.99	46	0	1695	0x0000000000000000	20292	26770380	8388604	4739580
1789637938	112.82	46	0	1695	0x0000000000000000	20292	26643160	8388604	4739580
1789637940	112.84	45	0	1695	0x0000000000000000	20292	26675336	8388604	4739580
1789637942	112.38	45	0	1695	0x0000000000000000	20292	26703216	8388604	4739580
1789637944	112.42	45	0	1695	0x0000000000000000	20292	26674252	8388604	4739580
1789637946	111.79	45	0	1695	0x0000000000000000	20292	26683020	8388604	4739580
1789637948	111.79	45	0	1695	0x0000000000000000	20292	26705148	8388604	4739580
1789637950	90.77	42	0	255	0x0000000000000001	20292	26637040	8388604	4739584
1789637952	23.26	42	0	210	0x0000000000000001	20292	26760748	8388604	4739584
1789637954	30.10	41	0	210	0x0000000000000001	20292	26770184	8388604	4739584
1789637956	21.72	40	0	210	0x0000000000000001	20292	26779388	8388604	4739584
1789637958	21.56	40	0	210	0x0000000000000001	20292	26755064	8388604	4739584
1789637960	23.21	40	0	210	0x0000000000000001	20292	26748076	8388604	4739584
1789637962	22.45	40	0	210	0x0000000000000001	20292	26515048	8388604	4739584
1789637964	21.58	39	0	210	0x0000000000000001	20292	26089628	8388604	4324936
1789637966	21.78	39	0	210	0x0000000000000001	20292	26689452	8388604	4739584
1789637968	29.96	39	0	210	0x0000000000000001	20292	26740608	8388604	4739584
1789637970	21.81	38	0	210	0x0000000000000001	20292	26677780	8388604	4739584
1789637972	21.76	38	0	210	0x0000000000000001	20292	26716184	8388604	4739584
1789637974	22.08	38	0	210	0x0000000000000001	20292	26734768	8388604	4739584
1789637976	22.67	38	0	210	0x0000000000000001	20292	26721444	8388604	4739584
1789637978	21.47	37	0	210	0x0000000000000001	20292	26687340	8388604	4739584
1789637980	21.60	37	0	210	0x0000000000000004	20292	26734504	8388604	4739584
1789637982	29.54	37	0	210	0x0000000000000001	20292	26754972	8388604	4739584
1789637984	21.67	36	0	210	0x0000000000000001	20292	26541196	8388604	4739584
1789637987	21.59	36	0	210	0x0000000000000001	20292	26704728	8388604	4739584
1789637989	21.42	36	0	210	0x0000000000000004	20292	26746856	8388604	4739584
1789637991	22.80	36	0	210	0x0000000000000001	20292	26667544	8388604	4739584
1789637993	21.44	35	0	210	0x0000000000000001	20292	26721308	8388604	4739612
1789637995	21.52	35	0	210	0x0000000000000001	20292	26792200	8388604	4739612
1789637997	28.96	35	0	210	0x0000000000000001	20292	26776724	8388604	4739612
1789637999	21.59	35	0	210	0x0000000000000001	20292	26696972	8388604	4739612
1789638001	21.34	35	0	210	0x0000000000000001	20292	26692256	8388604	4739612
1789638003	21.39	34	0	210	0x0000000000000001	20292	26737476	8388604	4739612
1789638005	29.30	35	0	210	0x0000000000000001	20292	26586008	8388604	4739612
1789638007	21.47	34	0	210	0x0000000000000004	20292	26756096	8388604	4739612
1789638009	21.37	34	0	210	0x0000000000000004	20292	26746436	8388604	4739612
1789638011	24.93	34	0	210	0x0000000000000001	20292	26681776	8388604	4739612
1789638013	22.99	34	0	210	0x0000000000000001	20292	26726388	8388604	4739612
1789638015	21.37	33	0	210	0x0000000000000004	20292	26759520	8388604	4739612
1789638017	21.37	33	0	210	0x0000000000000001	20292	26757620	8388604	4739612
1789638019	28.89	33	0	210	0x0000000000000001	20292	26727712	8388604	4739612
1789638021	21.55	33	0	210	0x0000000000000004	20292	26714896	8388604	4739612
1789638023	21.26	33	0	210	0x0000000000000001	20292	26738996	8388604	4739612
1789638025	24.39	33	0	210	0x0000000000000001	20292	26602924	8388604	4739612
1789638027	22.29	33	0	210	0x0000000000000001	20292	26352008	8388604	4739612
1789638029	21.43	32	0	210	0x0000000000000004	20292	26282580	8388604	4667924
1789638031	21.45	32	0	210	0x0000000000000001	20292	26184812	8388604	4578888
1789638033	29.31	32	0	210	0x0000000000000001	20292	26171556	8388604	4215520
1789638035	21.32	32	0	210	0x0000000000000001	20292	26667148	8388604	4739612
1789638037	21.37	32	0	210	0x0000000000000001	20292	26700848	8388604	4739612
1789638039	23.83	32	0	210	0x0000000000000001	20292	26736676	8388604	4739612
1789638041	22.44	32	0	210	0x0000000000000001	20292	26706876	8388604	4739612
1789638043	21.14	32	0	210	0x0000000000000004	20292	26734700	8388604	4739612
1789638045	21.16	32	0	210	0x0000000000000001	20292	26622516	8388604	4739612
1789638047	28.61	32	0	210	0x0000000000000001	20292	26723704	8388604	4739612
1789638049	21.17	32	0	210	0x0000000000000004	20292	26716560	8388604	4739612
1789638051	21.02	32	0	210	0x0000000000000001	20292	26671132	8388604	4739612
1789638053	22.99	32	1	210	0x0000000000000001	20292	26676560	8388604	4739612
1789638055	21.83	32	0	210	0x0000000000000001	20292	26671144	8388604	4739612
1789638057	21.00	31	0	210	0x0000000000000001	20292	26709676	8388604	4739612
1789638059	21.18	31	0	210	0x0000000000000001	20292	26696092	8388604	4739616
1789638062	29.14	32	0	210	0x0000000000000001	20292	26710760	8388604	4739616
1789638064	21.51	31	0	210	0x0000000000000001	20292	26710588	8388604	4739616
1789638066	21.17	31	0	210	0x0000000000000001	20292	26627528	8388604	4739616
1789638068	22.44	32	0	210	0x0000000000000001	20292	26745556	8388604	4739616
1789638070	22.46	32	0	210	0x0000000000000001	20292	26774944	8388604	4739616
1789638072	21.20	31	0	210	0x0000000000000001	20292	26764812	8388604	4739700
1789638074	21.25	31	0	210	0x0000000000000001	20292	26700608	8388604	4739700
1789638076	28.93	32	0	210	0x0000000000000001	20292	26751128	8388604	4739716
1789638078	21.40	31	0	210	0x0000000000000001	20292	26763348	8388604	4739716
1789638080	21.19	31	0	210	0x0000000000000001	20292	26769496	8388604	4739716
1789638082	21.27	31	0	210	0x0000000000000001	20292	26781360	8388604	4739716
1789638084	22.63	31	0	210	0x0000000000000001	20292	26810060	8388604	4739716
1789638086	21.11	31	0	210	0x0000000000000001	20292	26657668	8388604	4739716
1789638088	21.16	31	0	210	0x0000000000000004	20292	26767188	8388604	4739716
1789638090	28.55	31	0	210	0x0000000000000001	20292	26792044	8388604	4739716
1789638092	24.86	31	0	1695	0x0000000000000001	20324	26437904	8388604	4739716
1789638094	192.43	36	30	1695	0x0000000000000000	20382	26108836	8388604	4739716
1789638096	153.60	36	32	1695	0x0000000000000000	20382	25837084	8388604	4739716
1789638098	150.66	36	30	1695	0x0000000000000000	20388	25822812	8388604	4388972
1789638100	108.07	35	0	1695	0x0000000000000000	20388	25586016	8388604	4215588
1789638102	152.15	36	24	1695	0x0000000000000000	20388	26305616	8388604	4739752
1789638104	161.45	37	36	1695	0x0000000000000000	20388	26347144	8388604	4739752
1789638106	161.57	38	35	1695	0x0000000000000000	20388	26367416	8388604	4739752
1789638108	156.58	38	34	1695	0x0000000000000000	20388	26270272	8388604	4739752
1789638110	159.76	38	32	1695	0x0000000000000000	20388	26342564	8388604	4739752
1789638112	133.64	37	33	1695	0x0000000000000000	20388	26303000	8388604	4739752
1789638114	163.94	38	38	1695	0x0000000000000000	20388	26289576	8388604	4739752
1789638116	162.70	38	35	1710	0x0000000000000000	20488	26218592	8388604	4739752
1789638118	160.98	38	32	1695	0x0000000000000000	20488	26066652	8388604	4739752
1789638120	147.73	38	32	1695	0x0000000000000000	20488	26201868	8388604	4739752
1789638122	165.00	38	41	1695	0x0000000000000000	20488	26221832	8388604	4739752
1789638124	161.57	38	34	1695	0x0000000000000000	20488	26173920	8388604	4739752
1789638126	139.28	38	37	1695	0x0000000000000000	20490	26161620	8388604	4739752
1789638128	164.49	39	35	1695	0x0000000000000000	20490	26227152	8388604	4739752
1789638131	149.38	39	35	1695	0x0000000000000000	20490	26254792	8388604	4739752
1789638133	162.89	39	37	1695	0x0000000000000000	20490	26178368	8388604	4739752
1789638135	163.81	39	38	1695	0x0000000000000000	20490	26212060	8388604	4739752
1789638137	161.99	39	30	1695	0x0000000000000000	20490	26182072	8388604	4739752
1789638139	181.57	40	36	1830	0x0000000000000000	20490	26238888	8388604	4739864
1789638141	167.52	39	35	1695	0x0000000000000000	20490	26172412	8388604	4739864
1789638143	164.08	39	34	1695	0x0000000000000000	20490	26166500	8388604	4739864
1789638145	174.41	40	38	1755	0x0000000000000000	20490	26189324	8388604	4739864
1789638147	162.15	40	41	1770	0x0000000000000000	20490	26191372	8388604	4739864
1789638149	177.72	40	38	1725	0x0000000000000000	20490	26161892	8388604	4739864
1789638151	151.50	38	11	1695	0x0000000000000000	20490	26155712	8388604	4739864
1789638153	172.59	40	37	1770	0x0000000000000000	20490	26204092	8388604	4739864
1789638155	170.07	40	33	1695	0x0000000000000000	20490	26206340	8388604	4739864
1789638157	170.84	40	34	1740	0x0000000000000000	20490	26127988	8388604	4739864
1789638159	165.81	40	37	1695	0x0000000000000000	20490	26123156	8388604	4739864
1789638161	174.74	41	39	1890	0x0000000000000000	20490	26140160	8388604	4739864
1789638163	207.19	42	34	1935	0x0000000000000000	20490	25972972	8388604	4739864
1789638165	153.23	40	20	1695	0x0000000000000000	20490	25701864	8388604	4514288
1789638167	144.07	40	30	1695	0x0000000000000000	20490	25607836	8388604	4386544
1789638169	147.73	40	25	1695	0x0000000000000000	20490	25627416	8388604	4270804
1789638171	165.27	40	41	1695	0x0000000000000000	20490	26162984	8388604	4739864
1789638173	168.54	40	36	1830	0x0000000000000000	20490	26154732	8388604	4739864
1789638175	174.59	41	37	1770	0x0000000000000000	20490	26171100	8388604	4739864
1789638177	192.44	42	41	1860	0x0000000000000000	20490	26202724	8388604	4739864
1789638179	190.77	42	40	1800	0x0000000000000000	20490	26248640	8388604	4739864
1789638181	198.61	42	33	1890	0x0000000000000000	20490	26168140	8388604	4739864
1789638183	157.22	41	39	1755	0x0000000000000000	20490	26163304	8388604	4739864
1789638185	179.77	42	39	1770	0x0000000000000000	20490	26170736	8388604	4739864
1789638187	181.67	41	29	1815	0x0000000000000000	20490	26171896	8388604	4739864
1789638189	181.12	42	36	1800	0x0000000000000000	20490	26111708	8388604	4739864
1789638191	170.06	41	37	1725	0x0000000000000000	20490	26241264	8388604	4739864
1789638193	174.18	41	34	1770	0x0000000000000000	20490	26251880	8388604	4739864
1789638196	147.43	40	31	1695	0x0000000000000000	20490	26230604	8388604	4739864
1789638198	166.51	41	38	1695	0x0000000000000000	20490	26122796	8388604	4739864
1789638200	163.52	41	36	1695	0x0000000000000000	20490	26197028	8388604	4739864
1789638202	226.52	44	40	1980	0x0000000000000000	20490	26225672	8388604	4739864
1789638204	202.41	43	37	1875	0x0000000000000000	20490	26277872	8388604	4739864
1789638206	178.47	42	40	1755	0x0000000000000000	20490	26167124	8388604	4739864
1789638208	185.24	43	38	1800	0x0000000000000000	20490	26187804	8388604	4739864
1789638210	187.94	43	40	1815	0x0000000000000000	20490	26182128	8388604	4739864
1789638212	192.36	43	37	1830	0x0000000000000000	20490	26147044	8388604	4739864
1789638214	173.07	42	35	1710	0x0000000000000000	20490	26148796	8388604	4739864
1789638216	180.05	43	39	1785	0x0000000000000000	20490	26204536	8388604	4739864
1789638218	201.99	44	40	1920	0x0000000000000000	20490	26224220	8388604	4739864
1789638220	219.56	44	40	1935	0x0000000000000000	20490	26237504	8388604	4739864
1789638222	200.75	43	38	1815	0x0000000000000000	20490	26158408	8388604	4739864
1789638224	164.14	43	41	1725	0x0000000000000000	20490	26206480	8388604	4739864
1789638226	198.46	44	36	1860	0x0000000000000000	20490	26228556	8388604	4739864
1789638228	166.94	43	42	1725	0x0000000000000000	20490	26251308	8388604	4739864
1789638230	172.56	42	36	1695	0x0000000000000000	20490	26186980	8388604	4739864
1789638232	171.89	43	41	1695	0x0000000000000000	20490	25894384	8388604	4739864
1789638234	149.42	41	33	1740	0x0000000000000000	20490	25776948	8388604	4428904
1789638236	171.75	43	36	1725	0x0000000000000000	20490	25699984	8388604	4217664
1789638238	163.17	42	25	1695	0x0000000000000000	20490	26063176	8388604	4739864
1789638240	214.33	44	38	1905	0x0000000000000000	20490	26213512	8388604	4739864
1789638242	234.54	45	38	1965	0x0000000000000000	20490	26249692	8388604	4739864
1789638244	194.97	43	37	1755	0x0000000000000000	20490	26239984	8388604	4739864
1789638246	178.32	43	33	1755	0x0000000000000000	20490	26097220	8388604	4739864
1789638248	176.20	43	42	1770	0x0000000000000000	20490	26188796	8388604	4739864
1789638250	165.71	43	37	1800	0x0000000000000000	20490	26164612	8388604	4739864
1789638252	243.44	46	39	1980	0x0000000000000000	20490	26176532	8388604	4739864
1789638254	166.94	43	28	1695	0x0000000000000000	20490	26076044	8388604	4739864
1789638256	182.07	44	40	1860	0x0000000000000000	20490	26213492	8388604	4739864
1789638258	199.17	45	40	1875	0x0000000000000000	20490	26205300	8388604	4739864
1789638261	239.45	46	36	1980	0x0000000000000000	20490	26238972	8388604	4739864
1789638263	165.52	44	39	1695	0x0000000000000000	20490	26098956	8388604	4739864
1789638265	191.50	45	39	1860	0x0000000000000000	20490	26177408	8388604	4739864
1789638267	214.85	45	34	1920	0x0000000000000000	20490	26269524	8388604	4739864
1789638269	182.73	45	33	1845	0x0000000000000000	20490	26260616	8388604	4739864
1789638271	180.34	44	37	1740	0x0000000000000000	20490	26084500	8388604	4739864
1789638273	158.46	44	39	1695	0x0000000000000000	20490	26059940	8388604	4739864
1789638275	239.82	46	41	1965	0x0000000000000000	20490	26108696	8388604	4739864
1789638277	218.58	45	34	1875	0x0000000000000000	20490	26162136	8388604	4739864
1789638279	175.33	44	32	1695	0x0000000000000000	20490	26073048	8388604	4740004
1789638281	154.09	44	38	1770	0x0000000000000000	20490	26196268	8388604	4740004
1789638283	190.36	45	37	1800	0x0000000000000000	20490	26186248	8388604	4740004
1789638285	179.73	45	43	1875	0x0000000000000000	20490	26207796	8388604	4740004
1789638287	232.48	45	35	1905	0x0000000000000000	20490	26061308	8388604	4740004
1789638289	244.47	47	43	1980	0x0000000000000000	20490	26230936	8388604	4740004
1789638291	227.57	46	41	1980	0x0000000000000000	20490	26227660	8388604	4740004
1789638293	242.91	47	40	1980	0x0000000000000000	20490	26221360	8388604	4740004
1789638295	211.62	46	37	1815	0x0000000000000000	20490	26029456	8388604	4740004
1789638297	197.57	46	36	1830	0x0000000000000000	20490	26162556	8388604	4740004
1789638299	165.76	45	38	1695	0x0000000000000000	20490	25759636	8388604	4740004
1789638301	176.76	45	24	1875	0x0000000000000000	20490	25691088	8388604	4392796
1789638303	159.32	44	31	1695	0x0000000000000000	20490	25570808	8388604	4312984
1789638305	169.00	45	35	1695	0x0000000000000000	20490	25604380	8388604	4221604
1789638307	225.32	47	38	1935	0x0000000000000000	20490	26099476	8388604	4740004
1789638309	231.22	47	37	1965	0x0000000000000000	20490	26100300	8388604	4740004
1789638311	198.62	46	36	1875	0x0000000000000000	20490	26042004	8388604	4740004
1789638313	196.12	46	37	1860	0x0000000000000000	20490	26136460	8388604	4740004
1789638315	210.02	47	39	1890	0x0000000000000000	20490	26179064	8388604	4740004
1789638317	166.48	45	40	1845	0x0000000000000000	20490	26204152	8388604	4740004
1789638319	191.82	45	34	1770	0x0000000000000000	20490	26059224	8388604	4740004
1789638321	199.17	46	37	1860	0x0000000000000000	20490	26174680	8388604	4740004
1789638323	206.57	46	40	1890	0x0000000000000000	20490	26192472	8388604	4740004
1789638326	184.35	47	40	1920	0x0000000000000000	20490	26197572	8388604	4740004
1789638328	215.21	47	36	1920	0x0000000000000000	20490	26058132	8388604	4740004
1789638330	237.92	48	40	1965	0x0000000000000000	20490	26238572	8388604	4740004
1789638332	245.33	48	36	1965	0x0000000000000000	20490	26219048	8388604	4740004
1789638334	207.76	47	31	1950	0x0000000000000000	20490	26204136	8388604	4740004
1789638336	240.85	48	42	1965	0x0000000000000000	20490	26031076	8388604	4740004
1789638338	245.39	48	38	1965	0x0000000000000000	20490	26136320	8388604	4740004
1789638340	187.54	47	37	1800	0x0000000000000000	20490	26168264	8388604	4740004
1789638342	241.89	48	38	1965	0x0000000000000000	20490	26177648	8388604	4740004
1789638344	187.73	47	38	1800	0x0000000000000000	20490	26045868	8388604	4740004
1789638346	189.18	47	35	1935	0x0000000000000000	20490	26209296	8388604	4740004
1789638348	242.86	49	37	1965	0x0000000000000000	20490	26204936	8388604	4740004
1789638350	207.14	46	29	1755	0x0000000000000000	20490	26160548	8388604	4740004
1789638352	208.22	48	42	1920	0x0000000000000000	20490	26056396	8388604	4740004
1789638354	237.70	49	38	1965	0x0000000000000000	20490	26235884	8388604	4740004
1789638356	196.68	47	32	1830	0x0000000000000000	20490	26229692	8388604	4740004
1789638358	220.08	47	38	1935	0x0000000000000000	20490	26166476	8388604	4740004
1789638360	189.94	47	34	1800	0x0000000000000000	20490	25998264	8388604	4740004
1789638362	203.73	47	39	1950	0x0000000000000000	20490	26156124	8388604	4740004
1789638364	252.06	49	42	1965	0x0000000000000000	20490	26155664	8388604	4740004
1789638366	231.68	48	22	1965	0x0000000000000000	20490	26054064	8388604	4740004
1789638368	169.70	46	20	1725	0x0000000000000000	20490	25569908	8388604	4642184
1789638370	172.34	46	38	1695	0x0000000000000000	20490	25659784	8388604	4288208
1789638372	163.04	47	29	1770	0x0000000000000000	20490	26103532	8388604	4740004
1789638374	241.20	49	39	1965	0x0000000000000000	20490	26109264	8388604	4740004
1789638376	181.62	46	22	1815	0x0000000000000000	20490	25995804	8388604	4740004
1789638378	243.62	49	34	1965	0x0000000000000000	20490	26111512	8388604	4740004
1789638380	238.60	49	32	1965	0x0000000000000000	20490	26153036	8388604	4740004
1789638382	165.46	47	37	1725	0x0000000000000000	20490	26112644	8388604	4740004
1789638384	172.19	47	36	1695	0x0000000000000000	20490	25957056	8388604	4740004
1789638386	181.87	46	41	1800	0x0000000000000000	20490	26167836	8388604	4740004
1789638388	245.79	49	42	1965	0x0000000000000000	20490	26171504	8388604	4740004
1789638391	246.96	49	41	1965	0x0000000000000000	20490	26167796	8388604	4740004
1789638393	172.91	47	36	1710	0x0000000000000000	20490	26018636	8388604	4740004
1789638395	232.38	49	38	1965	0x0000000000000000	20490	26205828	8388604	4740004
1789638397	220.15	48	36	1890	0x0000000000000000	20490	26191312	8388604	4740004
1789638399	176.00	48	40	1785	0x0000000000000000	20490	26226944	8388604	4740004
1789638401	237.08	49	37	1965	0x0000000000000000	20490	26060676	8388604	4740004
1789638403	211.21	50	43	1965	0x0000000000000000	20490	26208308	8388604	4740004
1789638405	210.60	47	37	1770	0x0000000000000000	20490	26222240	8388604	4740004
1789638407	238.81	49	34	1965	0x0000000000000000	20490	26186540	8388604	4740004
1789638409	188.38	48	39	1785	0x0000000000000000	20490	26045912	8388604	4740004
1789638411	187.15	48	40	1770	0x0000000000000000	20490	26203052	8388604	4740004
1789638413	216.45	49	33	1905	0x0000000000000000	20490	26233284	8388604	4740004
1789638415	218.20	49	35	1905	0x0000000000000000	20490	26198452	8388604	4740004
1789638417	197.57	48	35	1800	0x0000000000000000	20490	26023484	8388604	4740004
1789638419	187.76	48	42	1890	0x0000000000000000	20490	26146820	8388604	4740004
1789638421	246.39	50	43	1965	0x0000000000000000	20490	26170060	8388604	4740004
1789638423	242.93	50	39	1965	0x0000000000000000	20490	26186252	8388604	4740004
1789638425	203.37	48	7	1950	0x0000000000000000	20490	26023332	8388604	4740236
1789638427	253.80	50	41	1965	0x0000000000000000	20490	26177040	8388604	4740236
1789638429	248.14	50	38	1965	0x0000000000000000	20490	26199608	8388604	4740236
1789638431	208.13	48	39	1830	0x0000000000000000	20490	26160940	8388604	4740236
1789638433	191.88	48	38	1815	0x0000000000000000	20490	25835884	8388604	4740236
1789638435	169.54	47	32	1710	0x0000000000000000	20490	25720172	8388604	4449292
1789638437	153.38	47	39	1695	0x0000000000000000	20490	25717452	8388604	4216384
1789638439	214.42	49	38	1890	0x0000000000000000	20490	26135468	8388604	4740236
1789638441	192.80	48	36	1785	0x0000000000000000	20490	26043296	8388604	4740236
1789638443	200.91	49	42	1905	0x0000000000000000	20490	26213744	8388604	4740236
1789638445	235.56	50	36	1965	0x0000000000000000	20490	26199848	8388604	4740236
1789638447	170.01	47	34	1695	0x0000000000000000	20490	26144180	8388604	4740236
1789638449	208.65	49	36	1875	0x0000000000000000	20490	26002860	8388604	4740236
1789638451	168.40	48	37	1770	0x0000000000000000	20490	26184264	8388604	4740236
1789638454	242.04	50	39	1965	0x0000000000000000	20490	26210372	8388604	4740236
1789638456	189.95	48	41	1905	0x0000000000000000	20490	26154840	8388604	4740236
1789638458	221.90	49	40	1890	0x0000000000000000	20490	26221384	8388604	4740236
1789638460	246.20	50	37	1950	0x0000000000000000	20490	26219984	8388604	4740236
1789638462	199.54	49	41	1860	0x0000000000000000	20490	26230360	8388604	4740236
1789638464	173.91	48	32	1845	0x0000000000000000	20490	26165960	8388604	4740236
1789638466	228.55	49	29	1965	0x0000000000000000	20490	26170516	8388604	4740236
1789638468	249.26	50	36	1965	0x0000000000000000	20490	26178804	8388604	4740236
1789638470	243.28	50	32	1965	0x0000000000000000	20490	26200880	8388604	4740236
1789638472	229.11	50	35	1950	0x0000000000000000	20490	26170396	8388604	4740236
1789638474	207.99	49	36	1845	0x0000000000000000	20490	26196280	8388604	4740236
1789638476	216.47	50	40	1920	0x0000000000000000	20490	26200604	8388604	4740236
1789638478	212.01	50	38	1965	0x0000000000000000	20490	26229932	8388604	4740236
1789638480	238.14	50	33	1965	0x0000000000000000	20490	26132364	8388604	4740236
1789638482	186.49	49	33	1785	0x0000000000000000	20490	26140324	8388604	4740236
1789638484	191.96	49	35	1935	0x0000000000000000	20490	26150024	8388604	4740236
1789638486	216.44	50	40	1875	0x0000000000000000	20490	26204380	8388604	4740236
1789638488	203.23	49	38	1755	0x0000000000000000	20490	26119628	8388604	4740236
1789638490	208.90	50	37	1965	0x0000000000000000	20490	26191796	8388604	4740236
1789638492	249.44	51	40	1965	0x0000000000000000	20490	26206004	8388604	4740236
1789638494	235.93	50	39	1860	0x0000000000000000	20490	26258656	8388604	4740236
1789638496	207.04	50	36	1935	0x0000000000000000	20490	26168908	8388604	4740236
1789638498	190.24	49	35	1785	0x0000000000000000	20490	26099340	8388604	4740236
1789638500	166.14	48	31	1695	0x0000000000000000	20490	25738032	8388604	4695476
1789638502	155.53	47	22	1695	0x0000000000000000	20490	25718316	8388604	4344968
1789638504	189.05	48	38	1785	0x0000000000000000	20490	25610316	8388604	4216216
1789638506	240.39	50	36	1965	0x0000000000000000	20490	26036424	8388604	4740236
1789638508	248.96	51	40	1965	0x0000000000000000	20490	26090996	8388604	4740236
1789638510	210.05	50	38	1950	0x0000000000000000	20490	26139012	8388604	4740236
1789638512	205.13	49	33	1875	0x0000000000000000	20490	26126904	8388604	4740236
1789638514	171.84	48	33	1695	0x0000000000000000	20490	26173940	8388604	4740236
1789638516	166.28	48	27	1695	0x0000000000000000	20490	26188308	8388604	4740236
1789638519	165.13	48	31	1695	0x0000000000000000	20490	26217040	8388604	4740236
1789638521	134.38	47	43	1725	0x0000000000000000	20490	26109152	8388604	4740236
1789638523	172.04	47	36	1695	0x0000000000000000	20490	26187528	8388604	4740236
1789638525	173.93	48	37	1755	0x0000000000000000	20490	26187832	8388604	4740236
1789638527	175.59	47	36	1695	0x0000000000000000	20490	26213600	8388604	4740236
1789638529	165.90	47	33	1695	0x0000000000000000	20490	26095344	8388604	4740236
1789638531	164.59	47	34	1695	0x0000000000000000	20490	26203088	8388604	4740236
1789638533	130.68	46	5	1695	0x0000000000000000	20490	26152688	8388604	4740236
1789638535	172.78	47	39	1695	0x0000000000000000	20490	26194200	8388604	4740236
1789638537	165.85	47	34	1695	0x0000000000000000	20490	26132636	8388604	4740236
1789638539	134.88	46	38	1695	0x0000000000000000	20490	26112244	8388604	4740236
1789638541	187.27	47	37	1785	0x0000000000000000	20490	26153924	8388604	4740236
1789638543	166.78	47	34	1695	0x0000000000000000	20490	26182780	8388604	4740236
1789638545	149.05	46	35	1695	0x0000000000000000	20490	25999604	8388604	4740236
1789638547	170.63	47	40	1695	0x0000000000000000	20490	26123660	8388604	4740236
1789638549	178.21	47	37	1740	0x0000000000000000	20490	26166984	8388604	4740252
1789638551	164.54	46	33	1695	0x0000000000000000	20490	26170508	8388604	4740252
1789638553	145.09	46	30	1695	0x0000000000000000	20490	26015880	8388604	4740252
1789638555	177.79	47	41	1755	0x0000000000000000	20490	26184796	8388604	4740252
1789638557	176.93	47	37	1695	0x0000000000000000	20490	26225068	8388604	4740252
1789638559	165.73	46	35	1695	0x0000000000000000	20490	26208500	8388604	4740252
1789638561	125.00	45	39	1695	0x0000000000000000	20490	25978112	8388604	4740252
1789638563	177.24	46	36	1740	0x0000000000000000	20490	26167516	8388604	4740252
1789638565	178.16	47	35	1830	0x0000000000000000	20490	26059092	8388604	4740252
1789638567	170.72	46	34	1695	0x0000000000000000	20490	25725884	8388604	4691704
1789638569	147.92	45	27	1695	0x0000000000000000	20490	25483488	8388604	4320904
1789638571	156.01	45	34	1695	0x0000000000000000	20490	26120364	8388604	4740252
1789638573	174.60	46	38	1725	0x0000000000000000	20490	26178748	8388604	4740252
1789638575	139.30	45	0	1695	0x0000000000000000	20490	26180400	8388604	4740252
1789638577	168.52	46	37	1695	0x0000000000000000	20490	25949548	8388604	4740252
1789638579	168.41	46	38	1695	0x0000000000000000	20490	26108804	8388604	4740252
1789638582	139.79	45	0	1695	0x0000000000000000	20490	26102496	8388604	4740252
1789638584	190.39	46	40	1815	0x0000000000000000	20490	26131752	8388604	4740252
1789638586	167.71	46	32	1695	0x0000000000000000	20490	25968068	8388604	4740252
1789638588	172.14	46	35	1725	0x0000000000000000	20490	26236272	8388604	4740252
1789638590	134.56	45	39	1695	0x0000000000000000	20490	26222880	8388604	4740252
1789638592	233.07	48	37	1965	0x0000000000000000	20490	26171748	8388604	4740252
1789638594	178.29	46	40	1710	0x0000000000000000	20490	25948324	8388604	4740252
1789638596	194.09	47	37	1845	0x0000000000000000	20490	26087812	8388604	4740252
1789638598	196.14	47	38	1800	0x0000000000000000	20490	26164564	8388604	4740252
1789638600	169.01	46	33	1695	0x0000000000000000	20490	26165892	8388604	4740252
1789638602	151.39	44	17	1695	0x0000000000000000	20490	25998636	8388604	4740252
1789638604	177.40	46	41	1785	0x0000000000000000	20490	26197676	8388604	4740252
1789638606	189.60	46	37	1845	0x0000000000000000	20490	26229020	8388604	4740252
1789638608	185.54	46	33	1695	0x0000000000000000	20490	26159016	8388604	4740252
1789638610	167.41	45	36	1695	0x0000000000000000	20490	25998612	8388604	4740252
1789638612	165.85	46	34	1695	0x0000000000000000	20490	26242724	8388604	4740252
1789638614	149.68	46	38	1725	0x0000000000000000	20490	26194188	8388604	4740252
1789638616	174.71	46	33	1725	0x0000000000000000	20490	26133760	8388604	4740252
1789638618	169.07	45	33	1695	0x0000000000000000	20490	25946792	8388604	4740252
1789638620	166.71	45	36	1695	0x0000000000000000	20490	26162632	8388604	4740276
1789638622	159.10	45	41	1695	0x0000000000000000	20490	26176300	8388604	4740276
1789638624	183.10	46	39	1770	0x0000000000000000	20490	26143196	8388604	4740276
1789638626	165.35	45	33	1695	0x0000000000000000	20490	25998472	8388604	4740276
1789638628	130.32	45	40	1695	0x0000000000000000	20490	26207492	8388604	4740276
1789638630	217.84	47	33	1965	0x0000000000000000	20490	26208876	8388604	4740276
1789638632	142.59	45	28	1695	0x0000000000000000	20490	25738000	8388604	4740276
1789638634	152.21	45	33	1695	0x0000000000000000	20490	25533932	8388604	4400020
1789638636	160.87	45	33	1695	0x0000000000000000	20490	25556492	8388604	4216356
1789638638	172.11	46	36	1755	0x0000000000000000	20490	26035556	8388604	4740280
1789638640	197.98	46	32	1875	0x0000000000000000	20490	26056668	8388604	4740280
1789638643	143.44	46	45	1950	0x0000000000000000	20490	25913040	8388604	4740280
1789638645	226.66	47	37	1890	0x0000000000000000	20490	26147456	8388604	4740280
1789638647	175.65	46	37	1695	0x0000000000000000	20490	26175024	8388604	4740280
1789638649	146.64	44	36	1695	0x0000000000000000	20490	26140824	8388604	4740280
1789638651	181.29	46	39	1800	0x0000000000000000	20490	26204896	8388604	4740280
1789638653	220.06	47	37	1920	0x0000000000000000	20490	26180752	8388604	4740280
1789638655	225.32	48	34	1950	0x0000000000000000	20490	26194188	8388604	4740280
1789638657	173.01	46	26	1695	0x0000000000000000	20490	26157512	8388604	4740280
1789638659	159.44	46	40	1770	0x0000000000000000	20490	26103724	8388604	4740280
1789638661	188.60	46	34	1815	0x0000000000000000	20490	26127144	8388604	4740280
1789638663	167.74	45	35	1695	0x0000000000000000	20490	26173008	8388604	4740280
1789638665	167.95	46	39	1875	0x0000000000000000	20490	26134964	8388604	4740280
1789638667	193.84	46	39	1770	0x0000000000000000	20490	26217496	8388604	4740280
1789638669	191.24	46	39	1845	0x0000000000000000	20490	26218376	8388604	4740280
1789638671	170.59	46	35	1695	0x0000000000000000	20490	26212916	8388604	4740280
1789638673	156.90	44	32	1695	0x0000000000000000	20490	26169748	8388604	4740280
1789638675	163.94	46	41	1695	0x0000000000000000	20490	26185640	8388604	4740280
1789638677	171.05	45	36	1695	0x0000000000000000	20490	26196696	8388604	4740280
1789638679	132.66	45	26	1695	0x0000000000000000	20490	26209148	8388604	4740280
1789638681	167.18	45	36	1695	0x0000000000000000	20490	26119692	8388604	4740280
1789638683	167.82	45	40	1695	0x0000000000000000	20490	26199840	8388604	4740280
1789638685	132.45	44	38	1695	0x0000000000000000	20490	26221088	8388604	4740280
1789638687	145.28	44	32	1710	0x0000000000000000	20490	26234624	8388604	4740280
1789638689	186.07	46	34	1875	0x0000000000000000	20490	26071172	8388604	4740280
1789638691	211.29	47	40	1890	0x0000000000000000	20490	26132012	8388604	4740280
1789638693	147.21	45	34	1695	0x0000000000000000	20490	26175680	8388604	4740284
1789638695	197.31	46	36	1845	0x0000000000000000	20490	26201184	8388604	4740284
1789638697	199.80	46	35	1875	0x0000000000000000	20490	26030052	8388604	4740284
1789638699	168.08	45	28	1695	0x0000000000000000	20490	25591992	8388604	4735712
1789638701	161.06	45	34	1695	0x0000000000000000	20490	25594996	8388604	4322480
1789638703	134.04	44	35	1695	0x0000000000000000	20490	25599760	8388604	4271208
1789638705	172.06	45	37	1695	0x0000000000000000	20490	26076276	8388604	4740284
1789638707	177.16	45	34	1770	0x0000000000000000	20490	26177408	8388604	4740284
1789638710	139.15	44	0	1695	0x0000000000000000	20490	26187420	8388604	4740284
1789638712	175.61	45	39	1725	0x0000000000000000	20490	26218436	8388604	4740284
1789638714	151.95	45	35	1710	0x0000000000000000	20490	26094164	8388604	4740284
1789638716	138.24	44	0	1695	0x0000000000000000	20490	26172132	8388604	4740284
1789638718	175.45	45	34	1695	0x0000000000000000	20490	26188848	8388604	4740284
1789638720	133.10	44	38	1785	0x0000000000000000	20490	26241484	8388604	4740284
1789638722	175.14	45	31	1695	0x0000000000000000	20490	26102848	8388604	4740284
1789638724	142.46	44	4	1695	0x0000000000000000	20490	26142244	8388604	4740284
1789638726	188.26	46	35	1800	0x0000000000000000	20490	26182328	8388604	4740284
1789638728	221.13	47	34	1740	0x0000000000000000	20490	26211608	8388604	4740284
1789638730	165.51	45	35	1695	0x0000000000000000	20490	26131408	8388604	4740284
1789638732	157.98	45	40	1965	0x0000000000000000	20490	26061496	8388604	4740284
1789638734	222.04	46	40	1875	0x0000000000000000	20490	26101868	8388604	4740284
1789638736	190.82	46	38	1845	0x0000000000000000	20490	26117064	8388604	4740284
1789638738	175.45	45	38	1710	0x0000000000000000	20490	25941964	8388604	4740284
1789638740	181.09	46	35	1800	0x0000000000000000	20490	26007440	8388604	4740284
1789638742	187.26	46	37	1755	0x0000000000000000	20490	26062968	8388604	4740284
1789638744	184.21	46	35	1770	0x0000000000000000	20490	26112796	8388604	4740284
1789638746	174.27	46	37	1725	0x0000000000000000	20490	25893424	8388604	4740284
1789638748	175.39	46	36	1740	0x0000000000000000	20490	26093840	8388604	4740284
1789638750	168.88	45	35	1695	0x0000000000000000	20490	26105776	8388604	4740284
1789638752	166.15	45	33	1695	0x0000000000000000	20490	26117156	8388604	4740284
1789638754	163.02	45	30	1695	0x0000000000000000	20490	25939012	8388604	4740284
1789638756	125.92	44	39	1695	0x0000000000000000	20490	25977952	8388604	4740284
1789638758	214.64	47	41	1905	0x0000000000000000	20490	26054740	8388604	4740284
1789638760	201.71	46	38	1830	0x0000000000000000	20490	26083728	8388604	4740284
1789638762	206.77	46	38	1800	0x0000000000000000	20490	25922956	8388604	4740284
1789638764	167.17	45	31	1695	0x0000000000000000	20490	26060452	8388604	4740284
1789638766	158.26	45	35	1695	0x0000000000000000	20490	25612588	8388604	4739352
1789638768	127.80	44	35	1695	0x0000000000000000	20490	25566088	8388604	4397020
1789638770	166.50	45	38	1695	0x0000000000000000	20490	25501232	8388604	4342592
1789638773	160.16	44	34	1695	0x0000000000000000	20490	25965696	8388604	4740284
1789638775	175.22	46	36	1770	0x0000000000000000	20490	26000068	8388604	4740284
1789638777	144.72	44	0	1695	0x0000000000000000	20490	26029452	8388604	4740284
1789638779	208.96	46	40	1890	0x0000000000000000	20490	25934152	8388604	4740284
1789638781	187.56	45	37	1755	0x0000000000000000	20490	26109596	8388604	4740284
1789638783	229.52	47	41	1935	0x0000000000000000	20490	26129160	8388604	4740284
1789638785	226.46	48	35	1935	0x0000000000000000	20490	26139664	8388604	4740284
1789638787	212.38	47	32	1905	0x0000000000000000	20490	25975496	8388604	4740284
1789638789	180.56	46	40	1785	0x0000000000000000	20490	26082736	8388604	4740284
1789638791	170.59	45	35	1695	0x0000000000000000	20490	26111020	8388604	4740284
1789638793	187.55	47	40	1890	0x0000000000000000	20490	26127056	8388604	4740284
1789638795	193.22	46	37	1725	0x0000000000000000	20490	25967648	8388604	4740284
1789638797	186.20	46	37	1815	0x0000000000000000	20490	26083260	8388604	4740284
1789638799	174.36	46	33	1695	0x0000000000000000	20490	26093880	8388604	4740284
1789638801	147.07	46	45	1965	0x0000000000000000	20490	26100316	8388604	4740284
1789638803	235.45	48	38	1965	0x0000000000000000	20490	26002680	8388604	4740284
1789638805	194.37	47	37	1800	0x0000000000000000	20490	26102628	8388604	4740284
1789638807	228.98	48	40	1950	0x0000000000000000	20490	26124524	8388604	4740284
1789638809	190.26	47	34	1755	0x0000000000000000	20490	26127220	8388604	4740284
1789638811	134.45	44	1	1695	0x0000000000000000	20490	25907108	8388604	4740284
1789638813	212.90	48	41	1965	0x0000000000000000	20490	26001008	8388604	4740284
1789638815	238.00	48	31	1965	0x0000000000000000	20490	26059724	8388604	4740284
1789638817	194.90	47	34	1815	0x0000000000000000	20490	26069348	8388604	4740284
1789638819	179.33	46	33	1725	0x0000000000000000	20490	25949784	8388604	4740284
1789638821	179.61	46	33	1740	0x0000000000000000	20490	26110328	8388604	4740284
1789638823	167.26	46	32	1695	0x0000000000000000	20490	26160312	8388604	4740284
1789638825	166.49	46	38	1695	0x0000000000000000	20490	26130412	8388604	4740284
1789638827	149.93	45	32	1695	0x0000000000000000	20490	25882688	8388604	4740284
1789638829	168.39	46	37	1695	0x0000000000000000	20490	26097488	8388604	4740284
1789638831	168.88	46	38	1695	0x0000000000000000	20490	26124904	8388604	4740284
1789638833	161.29	45	35	1695	0x0000000000000000	20490	25790824	8388604	4740284
1789638835	152.97	45	29	1695	0x0000000000000000	20490	25418520	8388604	4461408
1789638838	148.29	45	25	1695	0x0000000000000000	20490	25522672	8388604	4418616
1789638840	160.54	45	33	1695	0x0000000000000000	20490	25505396	8388604	4325048
1789638842	166.32	45	37	1695	0x0000000000000000	20490	26051508	8388604	4740284
1789638844	161.52	45	30	1695	0x0000000000000000	20490	25866884	8388604	4740284
1789638846	167.93	45	36	1695	0x0000000000000000	20490	26081216	8388604	4740284
1789638848	205.59	47	33	1905	0x0000000000000000	20490	26101164	8388604	4740284
1789638850	163.05	45	34	1695	0x0000000000000000	20490	26079904	8388604	4740284
1789638852	162.20	45	34	1695	0x0000000000000000	20490	25896440	8388604	4740284
1789638854	164.39	45	31	1695	0x0000000000000000	20490	26126476	8388604	4740284
1789638856	156.42	44	34	1695	0x0000000000000000	20490	26148728	8388604	4740284
1789638858	166.89	45	35	1695	0x0000000000000000	20490	26115808	8388604	4740284
1789638860	163.10	45	36	1695	0x0000000000000000	20490	25907716	8388604	4740284
1789638862	167.62	45	36	1695	0x0000000000000000	20490	26116628	8388604	4740284
1789638864	166.57	45	36	1695	0x0000000000000000	20490	26129756	8388604	4740284
1789638866	165.02	45	33	1695	0x0000000000000000	20490	26099444	8388604	4740284
1789638868	162.67	45	32	1695	0x0000000000000000	20490	25866564	8388604	4740284
1789638870	166.80	45	37	1695	0x0000000000000000	20490	26044248	8388604	4740284
1789638872	167.79	45	36	1695	0x0000000000000000	20490	26071516	8388604	4740284
1789638874	165.86	45	36	1695	0x0000000000000000	20490	26051600	8388604	4740284
1789638876	143.90	44	37	1695	0x0000000000000000	20490	26056584	8388604	4740284
1789638878	167.73	45	35	1695	0x0000000000000000	20490	26050744	8388604	4740284
1789638880	171.76	45	30	1725	0x0000000000000000	20490	26097512	8388604	4740284
1789638882	164.28	45	40	1695	0x0000000000000000	20490	26047888	8388604	4740300
1789638884	165.66	45	34	1695	0x0000000000000000	20490	26007456	8388604	4740300
1789638886	168.19	45	35	1695	0x0000000000000000	20490	26026132	8388604	4740308
1789638888	167.28	45	40	1695	0x0000000000000000	20490	26056840	8388604	4740308
1789638890	163.74	45	31	1695	0x0000000000000000	20490	26023764	8388604	4740308
1789638892	166.52	45	33	1695	0x0000000000000000	20490	26077612	8388604	4740308
1789638894	180.97	45	36	1785	0x0000000000000000	20490	26062908	8388604	4740308
1789638896	168.78	45	37	1695	0x0000000000000000	20490	26060348	8388604	4740308
1789638898	167.09	45	33	1710	0x0000000000000000	20490	26019360	8388604	4740308
1789638900	163.42	44	34	1695	0x0000000000000000	20490	25902800	8388604	4740308
1789638903	160.87	45	33	1695	0x0000000000000000	20490	25625780	8388604	4736256
1789638905	141.79	44	35	1695	0x0000000000000000	20490	25512556	8388604	4393376
1789638907	161.75	44	35	1695	0x0000000000000000	20490	25529292	8388604	4309452
1789638909	166.59	44	37	1695	0x0000000000000000	20490	26052156	8388604	4740308
1789638911	168.47	44	37	1695	0x0000000000000000	20490	26087448	8388604	4740308
1789638913	170.79	44	32	1725	0x0000000000000000	20490	26105604	8388604	4740308
1789638915	167.32	44	35	1695	0x0000000000000000	20490	26060200	8388604	4740308
1789638917	163.61	44	35	1695	0x0000000000000000	20490	25887188	8388604	4740308
1789638919	167.90	45	31	1710	0x0000000000000000	20490	26071808	8388604	4740308
1789638921	168.12	44	33	1695	0x0000000000000000	20490	26099616	8388604	4740308
1789638923	163.71	44	37	1695	0x0000000000000000	20490	26055864	8388604	4740308
1789638925	164.20	44	26	1695	0x0000000000000000	20490	26056772	8388604	4740308
1789638927	167.99	44	37	1695	0x0000000000000000	20490	26064168	8388604	4740308
1789638929	155.12	43	35	1695	0x0000000000000000	20490	26110244	8388604	4740308
1789638931	172.28	45	38	1710	0x0000000000000000	20490	26012392	8388604	4740308
1789638933	171.27	45	38	1695	0x0000000000000000	20490	26034128	8388604	4740308
1789638935	174.22	45	39	1725	0x0000000000000000	20490	26111356	8388604	4740308
1789638937	169.81	45	37	1725	0x0000000000000000	20490	26097584	8388604	4740308
1789638939	171.63	45	39	1695	0x0000000000000000	20490	26021576	8388604	4740308
1789638941	170.43	45	37	1695	0x0000000000000000	20490	26078376	8388604	4740328
1789638943	197.19	46	36	1860	0x0000000000000000	20490	26081312	8388604	4740328
1789638945	170.93	45	35	1695	0x0000000000000000	20490	26075912	8388604	4740328
1789638947	167.69	45	37	1695	0x0000000000000000	20490	26001840	8388604	4740328
1789638949	167.66	45	40	1695	0x0000000000000000	20490	26087584	8388604	4740328
1789638951	176.40	45	41	1740	0x0000000000000000	20490	26097580	8388604	4740328
1789638953	190.84	46	37	1845	0x0000000000000000	20490	26092564	8388604	4740328
1789638955	182.98	45	37	1725	0x0000000000000000	20490	26038524	8388604	4740328
1789638957	171.07	45	36	1695	0x0000000000000000	20490	26068340	8388604	4740328
1789638959	170.48	45	38	1695	0x0000000000000000	20490	26081744	8388604	4740328
1789638961	169.17	45	42	1695	0x0000000000000000	20490	26080952	8388604	4740328
1789638963	167.70	45	43	1695	0x0000000000000000	20490	26002560	8388604	4740328
1789638965	172.92	45	37	1755	0x0000000000000000	20490	26036200	8388604	4740328
1789638968	191.05	46	37	1815	0x0000000000000000	20490	26093132	8388604	4740328
1789638970	151.19	44	30	1695	0x0000000000000000	20492	25466264	8388604	4738048
1789638972	163.68	45	35	1695	0x0000000000000000	20492	25357564	8388604	4368408
1789638974	163.28	44	37	1695	0x0000000000000000	20492	25307496	8388604	4309216
1789638976	169.51	45	36	1695	0x0000000000000000	20492	25810080	8388604	4740372
1789638978	184.62	45	42	1785	0x0000000000000000	20492	25858100	8388604	4740372
1789638980	185.10	45	39	1725	0x0000000000000000	20492	25862416	8388604	4740396
1789638982	170.57	45	38	1695	0x0000000000000000	20492	25914556	8388604	4740396
1789638984	192.34	46	37	1860	0x0000000000000000	20492	25940820	8388604	4740396
1789638986	192.45	45	38	1770	0x0000000000000000	20492	25942588	8388604	4740396
1789638988	234.18	47	37	1965	0x0000000000000000	20492	25891272	8388604	4740396
1789638990	169.89	45	36	1695	0x0000000000000000	20492	25933020	8388604	4740396
1789638992	169.26	45	36	1695	0x0000000000000000	20492	25941992	8388604	4740396
1789638994	165.88	45	40	1725	0x0000000000000000	20492	25967020	8388604	4740396
1789638996	168.69	45	35	1695	0x0000000000000000	20492	25924068	8388604	4740396
1789638998	168.35	45	40	1740	0x0000000000000000	20492	25900516	8388604	4740396
1789639000	168.99	44	38	1695	0x0000000000000000	20492	25939088	8388604	4740396
1789639002	172.64	45	40	1710	0x0000000000000000	20492	25972024	8388604	4740396
1789639004	180.93	45	36	1770	0x0000000000000000	20492	25927444	8388604	4740396
1789639006	168.47	45	37	1695	0x0000000000000000	20492	25885000	8388604	4740396
1789639008	184.14	45	37	1785	0x0000000000000000	20492	25882876	8388604	4740396
1789639010	166.32	45	38	1695	0x0000000000000000	20492	25900128	8388604	4740396
1789639012	174.75	45	34	1740	0x0000000000000000	20492	25880516	8388604	4740396
1789639014	166.97	45	39	1695	0x0000000000000000	20492	25906264	8388604	4740396
1789639016	169.29	45	39	1695	0x0000000000000000	20492	25950548	8388604	4740396
1789639018	170.77	45	38	1710	0x0000000000000000	20492	25946596	8388604	4740396
1789639020	163.76	45	32	1695	0x0000000000000000	20492	25887856	8388604	4740404
1789639022	166.67	45	39	1695	0x0000000000000000	20492	25948132	8388604	4740404
1789639024	166.00	45	35	1695	0x0000000000000000	20492	25957568	8388604	4740404
1789639026	155.10	44	2	1695	0x0000000000000000	20492	25998024	8388604	4740404
1789639028	168.80	45	38	1695	0x0000000000000000	20492	25896348	8388604	4740404
1789639031	190.86	45	35	1815	0x0000000000000000	20492	25905596	8388604	4740404
1789639033	187.66	46	42	1800	0x0000000000000000	20492	25934912	8388604	4740404
1789639035	184.37	45	37	1755	0x0000000000000000	20492	25979520	8388604	4740404
1789639037	165.23	44	29	1695	0x0000000000000000	20492	25438652	8388604	4740404
1789639039	161.01	45	28	1695	0x0000000000000000	20492	25412764	8388604	4419604
1789639041	163.53	44	32	1695	0x0000000000000000	20492	25404548	8388604	4361276
1789639043	161.73	45	33	1695	0x0000000000000000	20492	25901508	8388604	4740404
1789639045	167.33	44	39	1695	0x0000000000000000	20492	25865320	8388604	4740404
1789639047	171.40	45	38	1695	0x0000000000000000	20492	25850908	8388604	4740404
1789639049	217.62	47	42	1965	0x0000000000000000	20492	25848456	8388604	4740404
1789639051	241.75	48	37	1965	0x0000000000000000	20492	25870172	8388604	4740404
1789639053	215.19	46	29	1815	0x0000000000000000	20492	25775508	8388604	4740404
1789639055	187.60	46	37	1785	0x0000000000000000	20492	25858520	8388604	4740408
1789639057	195.07	46	42	1860	0x0000000000000000	20492	25861924	8388604	4740408
1789639059	197.51	46	33	1800	0x0000000000000000	20492	25922912	8388604	4740408
1789639061	168.86	45	38	1695	0x0000000000000000	20492	25815408	8388604	4740408
1789639063	170.91	45	38	1695	0x0000000000000000	20492	25823332	8388604	4740408
1789639065	182.41	46	34	1755	0x0000000000000000	20492	25835900	8388604	4740408
1789639067	215.68	48	39	1965	0x0000000000000000	20492	25845912	8388604	4740408
1789639069	231.76	48	34	1965	0x0000000000000000	20492	25778588	8388604	4740408
1789639071	167.30	45	35	1695	0x0000000000000000	20492	25821080	8388604	4740408
1789639073	174.40	45	36	1725	0x0000000000000000	20492	25834848	8388604	4740408
1789639075	171.09	45	36	1695	0x0000000000000000	20492	25853796	8388604	4740408
1789639077	166.18	45	35	1695	0x0000000000000000	20492	25790744	8388604	4740408
1789639079	164.61	45	35	1695	0x0000000000000000	20492	25657060	8388604	4740408
1789639081	170.11	45	35	1695	0x0000000000000000	20492	25844440	8388604	4740408
1789639083	157.52	45	41	1695	0x0000000000000000	20492	25750216	8388604	4740408
1789639085	163.31	45	33	1695	0x0000000000000000	20492	25678396	8388604	4740408
1789639087	167.12	45	37	1695	0x0000000000000000	20492	25532688	8388604	4740408
1789639089	167.18	45	36	1695	0x0000000000000000	20492	25679796	8388604	4740408
1789639091	164.71	45	36	1695	0x0000000000000000	20492	25710740	8388604	4740408
1789639093	164.61	45	34	1695	0x0000000000000000	20492	25643224	8388604	4740408
1789639095	161.90	45	35	1695	0x0000000000000000	20492	25559356	8388604	4740408
1789639098	165.78	45	36	1695	0x0000000000000000	20492	25720648	8388604	4740408
1789639100	165.62	45	36	1695	0x0000000000000000	20492	25755044	8388604	4740408
1789639102	165.69	45	35	1695	0x0000000000000000	20492	25682332	8388604	4740408
1789639104	162.08	45	33	1695	0x0000000000000000	20492	25422228	8388604	4740408
1789639106	155.33	44	30	1695	0x0000000000000000	20492	25156912	8388604	4556768
1789639108	158.43	44	33	1695	0x0000000000000000	20492	25115496	8388604	4388968
1789639110	158.38	44	30	1695	0x0000000000000000	20492	25133300	8388604	4224760
1789639112	161.64	45	35	1695	0x0000000000000000	20494	25549192	8388604	4740408
1789639114	168.48	45	33	1695	0x0000000000000000	20494	25635532	8388604	4740408
1789639116	170.32	45	39	1695	0x0000000000000000	20494	25671268	8388604	4740408
1789639118	166.24	45	36	1695	0x0000000000000000	20494	25594884	8388604	4740408
1789639120	167.35	44	39	1695	0x0000000000000000	20494	25705668	8388604	4740408
1789639122	171.67	45	36	1740	0x0000000000000000	20494	25737732	8388604	4740408
1789639124	172.87	45	38	1695	0x0000000000000000	20494	25770384	8388604	4740408
1789639126	166.30	45	36	1695	0x0000000000000000	20494	25688680	8388604	4740408
1789639128	169.19	45	41	1725	0x0000000000000000	20494	25718520	8388604	4740408
1789639130	172.70	45	41	1695	0x0000000000000000	20494	25746444	8388604	4740408
1789639132	170.43	45	41	1695	0x0000000000000000	20494	25724080	8388604	4740412
1789639134	166.87	43	37	1770	0x0000000000000000	20494	25642620	8388604	4740412
1789639136	168.47	45	37	1695	0x0000000000000000	20494	25584828	8388604	4740412
1789639138	164.72	45	33	1695	0x0000000000000000	20494	25636736	8388604	4740412
1789639140	167.86	44	36	1695	0x0000000000000000	20494	25671220	8388604	4740412
1789639142	166.63	44	35	1695	0x0000000000000000	20494	25665056	8388604	4740412
1789639144	170.05	45	41	1695	0x0000000000000000	20494	25668928	8388604	4740412
1789639146	174.08	45	37	1725	0x0000000000000000	20494	25677148	8388604	4740412
1789639148	151.84	44	10	1695	0x0000000000000000	20494	25696888	8388604	4740412
1789639150	170.72	44	33	1695	0x0000000000000000	20494	25640332	8388604	4740412
1789639152	167.31	44	36	1695	0x0000000000000000	20494	25605320	8388604	4740412
1789639154	172.98	45	37	1710	0x0000000000000000	20494	25678028	8388604	4740412
1789639156	177.29	45	37	1725	0x0000000000000000	20494	25691536	8388604	4740412
1789639158	165.06	44	32	1695	0x0000000000000000	20494	25639404	8388604	4740412
1789639160	169.22	44	38	1710	0x0000000000000000	20494	25698540	8388604	4740412
1789639162	168.34	44	33	1695	0x0000000000000000	20494	25693016	8388604	4740412
1789639165	168.69	44	38	1695	0x0000000000000000	20494	25739048	8388604	4740412
1789639167	165.32	44	35	1695	0x0000000000000000	20494	25634576	8388604	4740412
1789639169	168.88	44	36	1710	0x0000000000000000	20494	25759572	8388604	4740412
1789639171	173.75	45	30	1755	0x0000000000000000	20494	25571088	8388604	4740412
1789639173	160.66	44	35	1695	0x0000000000000000	20494	25209152	8388604	4574088
1789639175	160.58	44	36	1695	0x0000000000000000	20494	25108852	8388604	4369028
1789639177	154.63	43	0	1695	0x0000000000000000	20494	25107500	8388604	4267856
1789639179	158.14	44	39	1695	0x0000000000000000	20494	25577068	8388604	4740412
1789639181	176.80	44	37	1740	0x0000000000000000	20494	25628484	8388604	4740412
1789639183	175.28	44	37	1695	0x0000000000000000	20494	25542152	8388604	4740412
1789639185	182.18	45	40	1800	0x0000000000000000	20494	25695432	8388604	4740412
1789639187	207.43	46	43	1905	0x0000000000000000	20494	25721724	8388604	4740412
1789639189	216.20	46	37	1920	0x0000000000000000	20494	25735240	8388604	4740412
1789639191	157.96	44	2	1695	0x0000000000000000	20494	25595028	8388604	4740412
1789639193	174.75	45	40	1740	0x0000000000000000	20494	25630616	8388604	4740412
1789639195	207.57	47	41	1920	0x0000000000000000	20494	25649312	8388604	4740412
1789639197	241.93	48	41	1980	0x0000000000000000	20494	25725192	8388604	4740412
1789639199	234.13	47	34	1980	0x0000000000000000	20494	25598904	8388604	4740412
1789639201	206.76	47	42	1905	0x0000000000000000	20494	25675984	8388604	4740412
1789639203	219.68	48	37	1950	0x0000000000000000	20494	25679220	8388604	4740416
1789639205	208.63	47	36	1875	0x0000000000000000	20494	25721352	8388604	4740416
1789639207	219.25	47	39	1860	0x0000000000000000	20494	25567556	8388604	4740416
1789639209	175.45	46	39	1740	0x0000000000000000	20494	25710792	8388604	4740416
1789639211	175.83	46	39	1725	0x0000000000000000	20494	25705156	8388604	4740416
1789639213	213.08	47	38	1920	0x0000000000000000	20494	25711588	8388604	4740416
1789639215	199.04	46	36	1800	0x0000000000000000	20494	25559540	8388604	4740416
1789639217	186.94	46	39	1785	0x0000000000000000	20494	25614728	8388604	4740416
1789639219	191.48	46	40	1845	0x0000000000000000	20494	25677652	8388604	4740416
1789639221	167.08	46	36	1845	0x0000000000000000	20494	25709788	8388604	4740416
1789639223	178.31	46	41	1710	0x0000000000000000	20494	25569048	8388604	4740416
1789639225	188.87	47	42	1905	0x0000000000000000	20494	25645508	8388604	4740416
1789639227	251.56	49	40	1965	0x0000000000000000	20494	25702940	8388604	4740416
1789639229	246.26	49	39	1965	0x0000000000000000	20494	25685736	8388604	4740416
1789639232	211.73	47	35	1875	0x0000000000000000	20494	25517544	8388604	4740416
1789639234	245.56	49	40	1965	0x0000000000000000	20494	25654552	8388604	4740416
1789639236	210.21	47	38	1845	0x0000000000000000	20494	25697752	8388604	4740416
1789639238	191.63	47	34	1755	0x0000000000000000	20494	25685740	8388604	4740416
1789639240	160.10	46	38	1695	0x0000000000000000	20494	25126492	8388604	4740416
1789639242	156.20	46	33	1695	0x0000000000000000	20494	25142432	8388604	4426232
1789639244	170.33	46	42	1695	0x0000000000000000	20494	25191012	8388604	4350816
1789639246	172.08	46	36	1695	0x0000000000000000	20494	25659112	8388604	4740416
1789639248	178.05	46	36	1740	0x0000000000000000	20494	25490324	8388604	4740416
1789639250	187.41	47	37	1800	0x0000000000000000	20494	25622612	8388604	4740416
1789639252	240.99	49	41	1965	0x0000000000000000	20494	25688644	8388604	4740416
1789639254	252.04	49	43	1965	0x0000000000000000	20494	25690388	8388604	4740416
1789639256	227.06	48	41	1860	0x0000000000000000	20494	25561084	8388604	4740416
1789639258	216.59	48	40	1935	0x0000000000000000	20494	25745000	8388604	4740416
1789639260	211.72	47	40	1845	0x0000000000000000	20494	25741908	8388604	4740416
1789639262	201.83	47	36	1860	0x0000000000000000	20494	25729856	8388604	4740416
1789639264	188.91	47	37	1800	0x0000000000000000	20494	25489560	8388604	4740416
1789639266	186.56	47	40	1770	0x0000000000000000	20494	25637184	8388604	4740416
1789639268	199.31	47	32	1845	0x0000000000000000	20494	25660108	8388604	4740416
1789639270	201.14	47	41	1845	0x0000000000000000	20494	25676280	8388604	4740416
1789639272	183.18	47	37	1725	0x0000000000000000	20494	25553052	8388604	4740416
1789639274	192.40	47	35	1800	0x0000000000000000	20494	25691604	8388604	4740416
1789639276	208.35	48	36	1860	0x0000000000000000	20494	25708924	8388604	4740416
1789639278	209.23	48	36	1890	0x0000000000000000	20494	25688864	8388604	4740416
1789639280	186.54	47	36	1710	0x0000000000000000	20494	25422584	8388604	4740416
1789639282	172.81	47	42	1830	0x0000000000000000	20494	25568012	8388604	4740416
1789639284	216.14	48	41	1905	0x0000000000000000	20494	25607672	8388604	4740416
1789639286	222.38	48	36	1920	0x0000000000000000	20494	25549388	8388604	4740416
1789639288	203.30	48	40	1830	0x0000000000000000	20494	25371456	8388604	4740516
1789639290	225.73	49	42	1935	0x0000000000000000	20494	25592292	8388604	4740516
1789639292	244.17	49	40	1965	0x0000000000000000	20494	25590812	8388604	4740516
1789639294	229.47	48	36	1860	0x0000000000000000	20494	25565004	8388604	4740516
1789639297	192.53	48	40	1800	0x0000000000000000	20494	25389816	8388604	4740516
1789639299	239.67	49	39	1965	0x0000000000000000	20494	25527180	8388604	4740516
1789639301	236.70	49	39	1935	0x0000000000000000	20494	25568128	8388604	4740516
1789639303	226.30	49	32	1935	0x0000000000000000	20494	25536292	8388604	4740516
1789639305	199.65	48	37	1785	0x0000000000000000	20494	25377024	8388604	4740516
1789639307	184.22	48	34	1740	0x0000000000000000	20494	25220296	8388604	4740516
1789639309	171.45	47	41	1695	0x0000000000000000	20494	24975516	8388604	4464368
1789639311	174.46	47	37	1740	0x0000000000000000	20494	24925144	8388604	4352324
1789639313	155.52	46	25	1695	0x0000000000000000	20494	24753452	8388604	4272576
1789639315	177.18	47	42	1815	0x0000000000000000	20494	25508588	8388604	4740524
1789639317	245.88	49	40	1965	0x0000000000000000	20494	25480140	8388604	4740524
1789639319	242.91	50	41	1965	0x0000000000000000	20494	25399848	8388604	4740524
1789639321	196.50	48	39	1800	0x0000000000000000	20494	25311076	8388604	4740524
1789639323	222.04	49	37	1905	0x0000000000000000	20494	25455304	8388604	4740524
1789639325	238.50	50	36	1950	0x0000000000000000	20494	25453552	8388604	4740524
1789639327	210.39	49	37	1845	0x0000000000000000	20494	25413992	8388604	4740556
1789639329	196.68	48	42	1815	0x0000000000000000	20494	25274332	8388604	4740556
1789639331	204.37	48	38	1845	0x0000000000000000	20494	25457768	8388604	4740556
1789639333	247.07	50	38	1965	0x0000000000000000	20494	25463744	8388604	4740556
1789639335	234.69	49	35	1875	0x0000000000000000	20494	25256052	8388604	4740556
1789639337	202.30	49	43	1845	0x0000000000000000	20494	25326944	8388604	4740556
1789639339	216.65	49	39	1905	0x0000000000000000	20494	25332020	8388604	4740556
1789639341	230.13	50	39	1950	0x0000000000000000	20494	25311212	8388604	4740556
1789639343	241.54	50	37	1965	0x0000000000000000	20494	25258708	8388604	4740556
1789639345	250.37	50	41	1965	0x0000000000000000	20494	25349420	8388604	4740556
1789639347	251.96	51	39	1965	0x0000000000000000	20494	25356460	8388604	4740556
1789639349	254.97	51	39	1965	0x0000000000000000	20494	25325072	8388604	4740556
1789639351	251.22	51	40	1965	0x0000000000000000	20494	25262312	8388604	4740556
1789639353	256.20	51	45	1965	0x0000000000000000	20494	25338992	8388604	4740556
1789639355	250.40	51	40	1965	0x0000000000000000	20494	25346304	8388604	4740560
1789639357	255.50	51	43	1965	0x0000000000000000	20494	25384460	8388604	4740560
1789639359	243.67	51	37	1965	0x0000000000000000	20494	25269336	8388604	4740560
1789639361	250.67	52	43	1965	0x0000000000000000	20494	25350496	8388604	4740560
1789639363	254.93	52	41	1965	0x0000000000000000	20494	25360212	8388604	4740560
1789639366	252.67	52	41	1965	0x0000000000000000	20494	25371640	8388604	4740560
1789639368	248.62	51	43	1950	0x0000000000000000	20494	25231528	8388604	4740560
1789639370	217.31	51	18	1965	0x0000000000000000	20494	25302416	8388604	4740560
1789639372	222.40	51	35	1890	0x0000000000000000	20494	25312048	8388604	4740560
1789639374	247.05	52	37	1965	0x0000000000000000	20494	25330248	8388604	4740560
1789639376	227.84	51	33	1965	0x0000000000000000	20494	24851748	8388604	4740560
1789639378	162.94	49	33	1695	0x0000000000000000	20494	24742472	8388604	4374492
1789639380	189.99	50	32	1830	0x0000000000000000	20494	25256108	8388604	4740564
1789639382	203.34	50	39	1845	0x0000000000000000	20494	25309820	8388604	4740564
1789639384	208.46	50	39	1860	0x0000000000000000	20494	25216136	8388604	4740564
1789639386	231.69	51	39	1935	0x0000000000000000	20494	25303680	8388604	4740564
1789639388	242.68	51	36	1965	0x0000000000000000	20494	25329728	8388604	4740564
1789639390	224.88	51	40	1950	0x0000000000000000	20494	25347256	8388604	4740564
1789639392	208.82	50	34	1770	0x0000000000000000	20494	25199384	8388604	4740564
1789639394	187.61	50	42	1875	0x0000000000000000	20494	25312100	8388604	4740564
1789639396	248.83	52	40	1965	0x0000000000000000	20494	25333700	8388604	4740564
1789639398	252.13	52	41	1965	0x0000000000000000	20494	25323040	8388604	4740564
1789639400	248.11	52	40	1965	0x0000000000000000	20494	25161372	8388604	4740564
1789639402	258.97	52	45	1965	0x0000000000000000	20494	25276980	8388604	4740564
1789639404	256.44	52	43	1965	0x0000000000000000	20494	25304216	8388604	4740564
1789639406	251.05	52	42	1965	0x0000000000000000	20494	25302476	8388604	4740564
1789639408	245.73	52	36	1965	0x0000000000000000	20494	25184312	8388604	4740564
1789639410	215.32	52	37	1965	0x0000000000000000	20494	25335024	8388604	4740564
1789639412	240.01	52	35	1965	0x0000000000000000	20494	25357636	8388604	4740564
1789639414	185.40	50	37	1755	0x0000000000000000	20494	25323468	8388604	4740564
1789639416	155.66	49	38	1695	0x0000000000000000	20494	25165944	8388604	4740564
1789639418	249.43	52	44	1965	0x0000000000000000	20494	25325180	8388604	4740564
1789639420	256.79	52	37	1965	0x0000000000000000	20494	25328120	8388604	4740564
1789639422	213.71	52	31	1965	0x0000000000000000	20494	25336816	8388604	4740564
1789639424	203.87	51	36	1815	0x0000000000000000	20494	25177328	8388604	4740564
1789639426	222.03	52	38	1920	0x0000000000000000	20494	25388900	8388604	4740564
1789639429	234.44	52	35	1965	0x0000000000000000	20494	25393324	8388604	4740564
1789639431	174.15	50	37	1695	0x0000000000000000	20494	25335892	8388604	4740564
1789639433	173.99	50	40	1695	0x0000000000000000	20494	25171900	8388604	4740564
1789639435	198.66	51	36	1920	0x0000000000000000	20494	25283320	8388604	4740564
1789639437	232.09	52	38	1935	0x0000000000000000	20494	25332592	8388604	4740564
1789639439	202.20	51	42	1815	0x0000000000000000	20494	25258212	8388604	4740564
1789639441	192.24	51	36	1695	0x0000000000000000	20494	24973328	8388604	4740564
1789639443	171.11	50	36	1710	0x0000000000000000	20494	24805328	8388604	4465092
1789639445	180.35	50	40	1740	0x0000000000000000	20494	24826112	8388604	4371124
1789639447	185.02	50	35	1785	0x0000000000000000	20494	25257604	8388604	4740564
1789639449	177.95	50	42	1785	0x0000000000000000	20494	25128384	8388604	4740564
1789639451	240.44	52	38	1965	0x0000000000000000	20494	25272200	8388604	4740564
1789639453	200.07	50	40	1830	0x0000000000000000	20494	25299716	8388604	4740564
1789639455	200.38	50	34	1875	0x0000000000000000	20494	25278664	8388604	4740564
1789639457	202.33	50	35	1875	0x0000000000000000	20494	25185124	8388604	4740564
1789639459	213.21	51	40	1965	0x0000000000000000	20494	25330144	8388604	4740564
1789639461	241.44	51	40	1965	0x0000000000000000	20494	25338680	8388604	4740564
1789639463	225.04	51	32	1845	0x0000000000000000	20494	25294068	8388604	4740564
1789639465	159.82	50	40	1710	0x0000000000000000	20494	25334032	8388604	4740564
1789639467	237.59	52	36	1965	0x0000000000000000	20494	25303196	8388604	4740564
1789639469	246.07	52	40	1965	0x0000000000000000	20494	25364232	8388604	4740564
1789639471	240.53	52	38	1965	0x0000000000000000	20494	25360900	8388604	4740564
1789639473	203.55	51	38	1890	0x0000000000000000	20494	25339212	8388604	4740564
1789639475	244.20	52	38	1965	0x0000000000000000	20494	25354624	8388604	4740564
1789639477	246.90	52	43	1965	0x0000000000000000	20494	25315748	8388604	4740564
1789639479	244.31	52	40	1965	0x0000000000000000	20494	25230040	8388604	4740564
1789639481	241.61	52	40	1965	0x0000000000000000	20494	25148372	8388604	4740564
1789639483	241.12	52	35	1965	0x0000000000000000	20494	25183888	8388604	4740564
1789639485	249.56	53	42	1965	0x0000000000000000	20494	25237772	8388604	4740564
1789639487	233.08	51	39	1980	0x0000000000000000	20494	25202276	8388604	4740564
1789639489	191.33	51	42	1845	0x0000000000000000	20494	25196152	8388604	4740564
1789639491	204.57	51	40	1935	0x0000000000000000	20494	25211704	8388604	4740564
1789639493	253.27	53	42	1980	0x0000000000000000	20494	25257520	8388604	4740564
1789639496	250.96	53	39	1980	0x0000000000000000	20494	25202520	8388604	4740564
1789639498	238.50	53	41	1965	0x0000000000000000	20494	25191688	8388604	4740572
1789639500	249.48	53	31	1980	0x0000000000000000	20494	25163156	8388604	4740572
1789639502	187.48	51	39	1875	0x0000000000000000	20494	25309040	8388604	4740572
1789639504	212.46	52	38	1905	0x0000000000000000	20494	25196960	8388604	4740572
1789639506	219.62	52	37	1980	0x0000000000000000	20494	25329192	8388604	4740572
1789639508	246.53	53	40	1980	0x0000000000000000	20494	25182676	8388604	4740572
1789639510	175.55	50	36	1695	0x0000000000000000	20494	24885904	8388604	4496840
1789639512	157.36	49	27	1695	0x0000000000000000	20494	24722388	8388604	4310864
1789639514	168.04	50	38	1695	0x0000000000000000	20494	24736084	8388604	4216404
1789639516	203.83	51	39	1860	0x0000000000000000	20494	25240052	8388604	4740572
1789639518	199.72	51	40	1875	0x0000000000000000	20494	25269456	8388604	4740572
1789639520	196.81	50	37	1800	0x0000000000000000	20494	25180024	8388604	4740572
1789639522	193.75	51	41	1860	0x0000000000000000	20494	25284992	8388604	4740572
1789639524	214.72	51	37	1905	0x0000000000000000	20494	25260304	8388604	4740572
1789639526	247.83	52	41	1980	0x0000000000000000	20494	25301132	8388604	4740572
1789639528	197.18	51	37	1800	0x0000000000000000	20494	25171928	8388604	4740572
1789639530	212.52	52	38	1980	0x0000000000000004	20494	25219056	8388604	4740572
1789639532	253.13	53	42	1980	0x0000000000000000	20494	25223704	8388604	4740572
1789639534	250.44	52	41	1980	0x0000000000000000	20494	25254796	8388604	4740572
1789639536	192.20	51	42	1740	0x0000000000000000	20494	25114408	8388604	4740572
1789639538	185.68	50	39	1770	0x0000000000000000	20494	25272404	8388604	4740572
1789639540	185.83	51	41	1785	0x0000000000000000	20494	25283324	8388604	4740572
1789639542	191.07	50	38	1800	0x0000000000000000	20494	25293304	8388604	4740572
1789639544	169.28	50	38	1695	0x0000000000000000	20494	25132376	8388604	4740572
1789639546	185.15	50	39	1800	0x0000000000000000	20494	25313368	8388604	4740572
1789639548	251.21	52	41	1980	0x0000000000000000	20494	25321384	8388604	4740572
1789639550	251.96	52	40	1980	0x0000000000000000	20494	25330252	8388604	4740572
1789639552	213.35	51	36	1845	0x0000000000000000	20494	25200908	8388604	4740572
1789639554	190.90	51	39	1785	0x0000000000000000	20494	25332008	8388604	4740572
1789639556	191.08	51	37	1800	0x0000000000000000	20494	25339776	8388604	4740572
1789639558	188.33	50	40	1815	0x0000000000000000	20494	25352872	8388604	4740572
1789639561	183.05	50	34	1695	0x0000000000000000	20494	25262380	8388604	4740572
1789639563	176.01	50	38	1725	0x0000000000000000	20494	25391244	8388604	4740572
1789639565	192.03	50	39	1830	0x0000000000000000	20494	25406304	8388604	4740572
1789639567	192.24	50	36	1830	0x0000000000000000	20494	25412948	8388604	4740572
1789639569	172.29	50	36	1695	0x0000000000000000	20494	25295628	8388604	4740572
1789639571	193.34	51	43	1890	0x0000000000000000	20494	25444672	8388604	4740572
1789639573	206.37	51	35	1890	0x0000000000000000	20494	25443096	8388604	4740584
1789639575	174.44	49	36	1695	0x0000000000000000	20494	25267196	8388604	4740584
1789639577	161.10	49	29	1695	0x0000000000000000	20494	24793848	8388604	4554972
1789639579	163.19	49	35	1695	0x0000000000000000	20494	24887272	8388604	4266124
1789639581	191.09	50	38	1815	0x0000000000000000	20494	25360420	8388604	4740584
1789639583	187.87	50	37	1800	0x0000000000000000	20494	25369376	8388604	4740584
1789639585	181.50	49	39	1710	0x0000000000000000	20494	25266884	8388604	4740608
1789639587	193.51	50	38	1845	0x0000000000000000	20494	25343588	8388604	4740608
1789639589	192.15	49	37	1755	0x0000000000000000	20494	25404708	8388604	4740608
1789639591	176.88	49	40	1740	0x0000000000000000	20494	25421668	8388604	4740608
1789639593	178.09	49	38	1695	0x0000000000000000	20494	25176616	8388604	4740608
1789639595	218.93	51	38	1905	0x0000000000000000	20494	25411368	8388604	4740608
1789639597	239.53	52	40	1950	0x0000000000000000	20494	25415028	8388604	4740608
1789639599	242.84	52	42	1965	0x0000000000000000	20494	25381708	8388604	4740608
1789639601	216.97	51	38	1860	0x0000000000000000	20494	25272980	8388604	4740608
1789639603	215.54	52	40	1965	0x0000000000000000	20494	25434588	8388604	4740608
1789639605	235.23	51	37	1890	0x0000000000000000	20494	25448160	8388604	4740608
1789639607	173.32	50	33	1890	0x0000000000000000	20494	25467576	8388604	4740608
1789639609	180.08	50	37	1710	0x0000000000000000	20494	25319040	8388604	4740608
1789639611	213.09	51	36	1905	0x0000000000000000	20494	25533268	8388604	4740608
1789639613	201.24	51	38	1920	0x0000000000000000	20494	25548156	8388604	4740608
1789639615	250.88	52	39	1965	0x0000000000000000	20494	25516912	8388604	4740608
1789639617	241.61	52	36	1965	0x0000000000000000	20494	25360244	8388604	4740608
1789639619	239.43	52	41	1965	0x0000000000000000	20494	25490996	8388604	4740608
1789639621	257.44	53	41	1965	0x0000000000000000	20494	25526116	8388604	4740608
1789639623	247.27	53	38	1965	0x0000000000000000	20494	25483240	8388604	4740608
1789639626	183.67	50	34	1725	0x0000000000000000	20494	25358716	8388604	4740608
1789639628	168.76	50	37	1815	0x0000000000000000	20494	25557500	8388604	4740608
1789639630	204.81	51	41	1890	0x0000000000000000	20494	25516312	8388604	4740608
1789639632	199.14	50	37	1785	0x0000000000000000	20494	25485324	8388604	4740608
1789639634	175.50	50	38	1710	0x0000000000000000	20494	25366684	8388604	4740608
1789639636	176.95	50	39	1710	0x0000000000000000	20494	25538224	8388604	4740608
1789639638	182.75	50	38	1830	0x0000000000000000	20494	25547952	8388604	4740608
1789639640	187.45	50	38	1710	0x0000000000000000	20494	25489356	8388604	4740608
1789639642	157.65	49	34	1695	0x0000000000000000	20494	24898148	8388604	4740608
1789639644	166.17	49	34	1695	0x0000000000000000	20494	24964356	8388604	4361496
1789639646	172.86	49	38	1695	0x0000000000000000	20494	25375620	8388604	4740608
1789639648	175.49	49	32	1740	0x0000000000000000	20494	25373804	8388604	4740608
1789639650	171.99	49	32	1695	0x0000000000000000	20494	25305528	8388604	4740608
1789639652	189.17	50	39	1815	0x0000000000000000	20494	25498808	8388604	4740608
1789639654	182.81	49	38	1710	0x0000000000000000	20494	25504352	8388604	4740676
1789639656	151.29	48	29	1710	0x0000000000000000	20494	25519324	8388604	4740676
1789639658	188.06	50	38	1785	0x0000000000000000	20494	25382348	8388604	4740676
1789639660	194.90	50	42	1830	0x0000000000000000	20494	25586812	8388604	4740676
1789639662	219.18	51	37	1920	0x0000000000000000	20494	25573044	8388604	4740676
1789639664	205.73	50	39	1830	0x0000000000000000	20494	25525876	8388604	4740676
1789639666	191.06	50	38	1830	0x0000000000000000	20494	25354028	8388604	4740676
1789639668	216.13	51	39	1890	0x0000000000000000	20494	25547560	8388604	4740676
1789639670	228.45	51	36	1935	0x0000000000000000	20494	25532132	8388604	4740676
1789639672	198.07	50	37	1800	0x0000000000000000	20494	25476200	8388604	4740676
1789639674	177.36	49	41	1710	0x0000000000000000	20494	25382804	8388604	4740676
1789639676	206.22	50	36	1860	0x0000000000000000	20494	25604188	8388604	4740676
1789639678	237.70	52	38	1965	0x0000000000000000	20494	25615064	8388604	4740676
1789639680	184.76	50	33	1710	0x0000000000000000	20494	25540700	8388604	4740676
1789639682	192.13	51	43	1875	0x0000000000000000	20494	25397596	8388604	4740676
1789639684	230.69	51	40	1935	0x0000000000000000	20494	25530724	8388604	4740676
1789639686	191.01	49	35	1815	0x0000000000000000	20494	25555544	8388604	4740676
1789639688	212.56	51	32	1905	0x0000000000000000	20494	25542000	8388604	4740676
1789639690	186.69	50	40	1755	0x0000000000000000	20494	25254304	8388604	4740676
1789639693	208.46	51	39	1890	0x0000000000000000	20494	25420136	8388604	4740676
1789639695	233.08	51	40	1935	0x0000000000000000	20494	25444604	8388604	4740676
1789639697	241.55	52	36	1965	0x0000000000000000	20494	25374128	8388604	4740676
1789639699	205.93	51	39	1860	0x0000000000000000	20494	25231932	8388604	4740676
1789639701	199.88	50	38	1800	0x0000000000000000	20494	25442488	8388604	4740676
1789639703	212.47	51	39	1905	0x0000000000000000	20494	25484904	8388604	4740676
1789639705	204.11	51	38	1830	0x0000000000000000	20494	25432860	8388604	4740676
1789639707	168.81	49	29	1695	0x0000000000000000	20494	24935976	8388604	4740676
1789639709	163.22	49	33	1695	0x0000000000000000	20494	24976388	8388604	4381920
1789639711	161.35	49	31	1695	0x0000000000000000	20494	24957688	8388604	4239392
1789639713	143.71	49	39	1710	0x0000000000000000	20494	25384036	8388604	4740676
1789639715	216.01	51	40	1890	0x0000000000000000	20494	25364680	8388604	4740676
1789639717	242.21	52	38	1950	0x0000000000000000	20494	25399368	8388604	4740676
1789639719	193.61	50	36	1800	0x0000000000000000	20494	25427300	8388604	4740676
1789639721	194.76	50	44	1890	0x0000000000000000	20494	25340876	8388604	4740676
1789639723	208.09	50	39	1845	0x0000000000000000	20494	25422248	8388604	4740676
1789639725	251.06	52	43	1965	0x0000000000000000	20494	25456048	8388604	4740676
1789639727	242.80	52	43	1965	0x0000000000000000	20494	25457368	8388604	4740676
1789639729	250.39	52	39	1965	0x0000000000000000	20494	25411352	8388604	4740676
1789639731	252.10	53	39	1965	0x0000000000000000	20494	25472336	8388604	4740676
1789639733	247.82	52	41	1965	0x0000000000000000	20494	25456124	8388604	4740676
1789639735	247.83	53	40	1965	0x0000000000000000	20494	25503524	8388604	4740676
1789639737	240.21	52	36	1965	0x0000000000000000	20494	25426508	8388604	4740676
1789639739	218.96	51	36	1830	0x0000000000000000	20494	25415928	8388604	4740676
1789639741	244.80	53	40	1965	0x0000000000000000	20494	25432200	8388604	4740676
1789639743	247.05	53	41	1980	0x0000000000000000	20494	25440328	8388604	4740676
1789639745	247.59	53	37	1980	0x0000000000000000	20494	25293428	8388604	4740676
1789639747	200.29	51	37	1845	0x0000000000000000	20494	25289124	8388604	4740676
1789639749	247.87	53	41	1980	0x0000000000000000	20494	25340484	8388604	4740676
1789639751	252.97	53	45	1980	0x0000000000000000	20494	25351588	8388604	4740676
1789639753	236.14	53	38	1980	0x0000000000000000	20494	25276952	8388604	4740676
1789639756	176.05	51	44	1755	0x0000000000000000	20494	25321172	8388604	4740676
1789639758	251.58	53	38	1980	0x0000000000000000	20494	25321404	8388604	4740676
1789639760	248.97	53	38	1980	0x0000000000000000	20494	25333808	8388604	4740676
1789639762	197.66	51	42	1845	0x0000000000000000	20494	25298232	8388604	4740676
1789639764	227.24	53	41	1980	0x0000000000000000	20494	25366172	8388604	4740676
1789639766	244.85	53	37	1980	0x0000000000000000	20494	25326524	8388604	4740676
1789639768	197.25	52	38	1905	0x0000000000000000	20494	25467208	8388604	4740676
1789639770	201.66	51	36	1815	0x0000000000000000	20494	25385028	8388604	4740676
1789639772	185.92	51	40	1830	0x0000000000000000	20494	25321764	8388604	4740676
1789639774	207.57	52	34	1920	0x0000000000000000	20494	24979424	8388604	4740676
1789639776	166.16	50	35	1695	0x0000000000000000	20494	24917740	8388604	4336836
1789639778	175.38	51	43	1800	0x0000000000000000	20494	25428272	8388604	4740724
1789639780	206.60	52	39	1980	0x0000000000000000	20494	25476268	8388604	4740724
1789639782	249.53	53	37	1980	0x0000000000000000	20494	25492532	8388604	4740724
1789639784	221.55	52	2	1755	0x0000000000000000	20494	25476040	8388604	4741164
1789639786	250.46	53	38	1980	0x0000000000000000	20494	25394400	8388604	4741164
1789639788	252.62	53	41	1980	0x0000000000000000	20494	25451360	8388604	4741164
1789639790	251.80	53	38	1980	0x0000000000000000	20494	25437140	8388604	4741164
1789639792	228.15	52	39	1980	0x0000000000000000	20494	25565428	8388604	4741164
1789639794	252.52	54	37	1980	0x0000000000000000	20494	25523348	8388604	4741164
1789639796	252.94	54	40	1980	0x0000000000000000	20494	25577828	8388604	4741164
1789639798	252.21	54	38	1980	0x0000000000000000	20494	25628092	8388604	4741164
1789639800	252.28	54	42	1980	0x0000000000000000	20494	25650464	8388604	4741164
1789639802	251.72	54	38	1980	0x0000000000000000	20494	25594816	8388604	4741164
1789639804	258.36	54	39	1980	0x0000000000000000	20494	25677880	8388604	4741164
1789639806	231.82	53	37	1980	0x0000000000000000	20494	25687368	8388604	4741164
1789639808	258.60	54	42	1980	0x0000000000000000	20494	25689112	8388604	4741164
1789639810	248.15	54	38	1980	0x0000000000000000	20494	25517568	8388604	4741164
1789639812	215.33	53	41	1935	0x0000000000000000	20494	25622340	8388604	4741164
1789639814	252.54	54	40	1980	0x0000000000000000	20494	25641684	8388604	4741164
1789639816	257.21	55	37	1980	0x0000000000000000	20494	25640632	8388604	4741164
1789639818	251.67	54	39	1980	0x0000000000000000	20494	25547940	8388604	4741164
1789639821	210.37	54	44	1935	0x0000000000000000	20494	25606624	8388604	4741164
1789639823	252.91	55	38	1980	0x0000000000000000	20494	25597284	8388604	4741164
1789639825	242.40	54	38	1920	0x0000000000000000	20494	25630424	8388604	4741164
1789639827	246.44	54	37	1980	0x0000000000000000	20494	25518684	8388604	4741180
1789639829	241.43	54	40	1980	0x0000000000000000	20494	25554552	8388604	4741180
1789639831	251.82	54	40	1980	0x0000000000000000	20494	25577340	8388604	4741180
1789639833	231.30	53	8	1980	0x0000000000000000	20494	25700296	8388604	4741180
1789639835	228.22	54	36	1965	0x0000000000000000	20494	25575436	8388604	4741180
1789639837	250.78	54	37	1980	0x0000000000000000	20494	25603656	8388604	4741180
1789639839	240.32	54	32	1980	0x0000000000000000	20494	25241172	8388604	4741180
1789639841	169.01	52	41	1695	0x0000000000000000	20494	25125528	8388604	4388876
1789639843	176.34	52	37	1725	0x0000000000000000	20494	25021060	8388604	4297476
1789639845	165.20	51	3	1755	0x0000000000000000	20494	25655228	8388604	4741180
1789639847	258.18	54	39	1980	0x0000000000000000	20494	25665104	8388604	4741180
1789639849	256.57	54	43	1980	0x0000000000000000	20494	25707640	8388604	4741180
1789639851	256.45	54	41	1980	0x0000000000000000	20494	25560680	8388604	4741180
1789639853	255.39	54	40	1980	0x0000000000000000	20494	25671752	8388604	4741192
1789639855	252.71	55	40	1980	0x0000000000000000	20494	25679624	8388604	4741192
1789639857	225.18	52	36	1980	0x0000000000000000	20494	25830952	8388604	4741192
1789639859	248.32	54	39	1980	0x0000000000000000	20494	25689888	8388604	4741192
1789639861	257.85	55	44	1980	0x0000000000000000	20494	25841688	8388604	4741192
1789639863	252.04	55	40	1980	0x0000000000000000	20494	25811596	8388604	4741192
1789639865	254.23	55	41	1980	0x0000000000000000	20494	25797240	8388604	4741192
1789639867	221.50	53	37	1830	0x0000000000000000	20494	25651368	8388604	4741192
1789639869	187.18	53	40	1785	0x0000000000000000	20494	25781652	8388604	4741192
1789639871	253.19	55	41	1980	0x0000000000000000	20494	25804720	8388604	4741192
1789639873	257.01	55	41	1980	0x0000000000000000	20494	25838960	8388604	4741192
1789639875	249.42	55	37	1980	0x0000000000000000	20494	25699968	8388604	4741192
1789639877	253.69	55	40	1980	0x0000000000000000	20494	25788672	8388604	4741192
1789639879	218.18	53	2	1980	0x0000000000000000	20494	25833188	8388604	4741192
1789639881	209.70	54	40	1860	0x0000000000000000	20494	25832792	8388604	4741192
1789639883	180.87	52	36	1725	0x0000000000000000	20494	25639664	8388604	4741192
1789639885	201.05	53	34	1890	0x0000000000000000	20494	25790372	8388604	4741192
1789639888	199.55	53	37	1860	0x0000000000000000	20494	25812504	8388604	4741192
1789639890	208.59	53	37	1890	0x0000000000000000	20494	25813656	8388604	4741192
1789639892	186.24	52	37	1740	0x0000000000000000	20494	25611568	8388604	4741192
1789639894	223.03	54	37	1980	0x0000000000000000	20494	25815084	8388604	4741192
1789639896	251.93	54	38	1980	0x0000000000000000	20494	25824160	8388604	4741192
1789639898	251.30	54	41	1980	0x0000000000000000	20494	25808996	8388604	4741192
1789639900	219.72	53	42	1815	0x0000000000000000	20494	25592408	8388604	4741192
1789639902	221.07	54	36	1980	0x0000000000000000	20494	25777720	8388604	4741192
1789639904	241.48	55	40	1980	0x0000000000000000	20494	25848580	8388604	4741192
1789639906	235.51	53	31	1845	0x0000000000000000	20494	25374804	8388604	4741192
1789639908	149.51	52	31	1695	0x0000000000000000	20494	25174224	8388604	4347872
1789639910	261.27	55	40	1980	0x0000000000000000	20494	25687640	8388604	4741188
1789639912	262.81	55	45	1980	0x0000000000000000	20494	25697624	8388604	4741188
1789639914	265.43	55	39	1980	0x0000000000000000	20494	25715188	8388604	4741188
1789639916	256.56	55	41	1980	0x0000000000000000	20494	25528908	8388604	4741188
1789639918	259.10	55	40	1980	0x0000000000000000	20494	25697448	8388604	4741188
1789639920	256.31	55	42	1980	0x0000000000000000	20494	25770940	8388604	4741188
1789639922	257.98	55	35	1980	0x0000000000000000	20494	25778384	8388604	4741188
1789639924	221.51	55	35	1980	0x0000000000000000	20494	25585448	8388604	4741188
1789639926	256.80	55	40	1980	0x0000000000000000	20494	25795524	8388604	4741188
1789639928	249.42	55	35	1980	0x0000000000000000	20494	25786984	8388604	4741188
1789639930	248.22	55	41	1980	0x0000000000000000	20494	25724636	8388604	4741188
1789639932	223.58	55	46	1980	0x0000000000000000	20494	25549288	8388604	4741188
1789639934	258.74	55	40	1980	0x0000000000000000	20494	25776028	8388604	4741188
1789639936	253.17	55	40	1980	0x0000000000000000	20494	25803184	8388604	4741188
1789639938	260.51	56	41	1980	0x0000000000000000	20494	25754064	8388604	4741188
1789639940	261.14	56	47	1980	0x0000000000000000	20494	25550680	8388604	4741188
1789639942	271.23	56	45	1980	0x0000000000000000	20494	25850436	8388604	4741188
1789639944	265.33	56	41	1980	0x0000000000000000	20494	25871604	8388604	4741188
1789639946	263.29	56	45	1980	0x0000000000000000	20494	25758432	8388604	4741188
1789639948	254.43	56	44	1980	0x0000000000000000	20494	25571892	8388604	4741188
1789639950	270.29	56	43	1980	0x0000000000000000	20494	25797520	8388604	4741188
1789639952	247.76	54	41	1980	0x0000000000000000	20494	25883816	8388604	4741188
1789639955	252.36	56	45	1980	0x0000000000000000	20494	25839916	8388604	4741188
1789639957	260.35	56	42	1980	0x0000000000000000	20494	25888588	8388604	4741188
1789639959	165.31	53	0	1980	0x0000000000000000	20494	25876496	8388604	4741188
1789639961	115.71	51	0	1695	0x0000000000000000	20494	25866796	8388604	4741192
1789639963	115.38	51	0	1695	0x0000000000000000	20494	25740124	8388604	4741192
1789639965	115.20	50	0	1695	0x0000000000000000	20494	25809312	8388604	4741200
1789639967	114.95	50	0	1695	0x0000000000000000	20494	25826664	8388604	4741200
1789639969	114.53	50	0	1695	0x0000000000000000	20494	25841956	8388604	4741200
1789639971	114.32	50	0	1695	0x0000000000000000	20494	25629472	8388604	4741200
1789639973	114.02	49	0	1695	0x0000000000000000	20494	25333488	8388604	4365064
1789639975	86.28	47	0	255	0x0000000000000001	20494	25701212	8388604	4741204
1789639977	24.02	46	0	210	0x0000000000000001	20494	25625232	8388604	4741204
1789639979	21.79	46	0	210	0x0000000000000001	20494	25834320	8388604	4741204
1789639981	21.91	45	0	210	0x0000000000000001	20494	25885216	8388604	4741204
